source_page,record_type,name,capital,population,area_km2,team_name,year,wins,losses,ot_losses,win_pct,goals_for,goals_against,goal_diff,film_title,nominations,awards,best_picture,turtle_family,common_name,discovered_year,image_url,gotcha,title,description
simple,country,Andorra,Andorra la Vella,84000,468.0,,,,,,,,,,,,,,,,,,,,
simple,country,United Arab Emirates,Abu Dhabi,4975593,82880.0,,,,,,,,,,,,,,,,,,,,
simple,country,Afghanistan,Kabul,29121286,647500.0,,,,,,,,,,,,,,,,,,,,
simple,country,Antigua and Barbuda,St. John's,86754,443.0,,,,,,,,,,,,,,,,,,,,
simple,country,Anguilla,The Valley,13254,102.0,,,,,,,,,,,,,,,,,,,,
simple,country,Albania,Tirana,2986952,28748.0,,,,,,,,,,,,,,,,,,,,
simple,country,Armenia,Yerevan,2968000,29800.0,,,,,,,,,,,,,,,,,,,,
simple,country,Angola,Luanda,13068161,1246700.0,,,,,,,,,,,,,,,,,,,,
simple,country,Antarctica,None,0,1.4E7,,,,,,,,,,,,,,,,,,,,
simple,country,Argentina,Buenos Aires,41343201,2766890.0,,,,,,,,,,,,,,,,,,,,
simple,country,American Samoa,Pago Pago,57881,199.0,,,,,,,,,,,,,,,,,,,,
simple,country,Austria,Vienna,8205000,83858.0,,,,,,,,,,,,,,,,,,,,
simple,country,Australia,Canberra,21515754,7686850.0,,,,,,,,,,,,,,,,,,,,
simple,country,Aruba,Oranjestad,71566,193.0,,,,,,,,,,,,,,,,,,,,
simple,country,Åland,Mariehamn,26711,1580.0,,,,,,,,,,,,,,,,,,,,
simple,country,Azerbaijan,Baku,8303512,86600.0,,,,,,,,,,,,,,,,,,,,
simple,country,Bosnia and Herzegovina,Sarajevo,4590000,51129.0,,,,,,,,,,,,,,,,,,,,
simple,country,Barbados,Bridgetown,285653,431.0,,,,,,,,,,,,,,,,,,,,
simple,country,Bangladesh,Dhaka,156118464,144000.0,,,,,,,,,,,,,,,,,,,,
simple,country,Belgium,Brussels,10403000,30510.0,,,,,,,,,,,,,,,,,,,,
simple,country,Burkina Faso,Ouagadougou,16241811,274200.0,,,,,,,,,,,,,,,,,,,,
simple,country,Bulgaria,Sofia,7148785,110910.0,,,,,,,,,,,,,,,,,,,,
simple,country,Bahrain,Manama,738004,665.0,,,,,,,,,,,,,,,,,,,,
simple,country,Burundi,Bujumbura,9863117,27830.0,,,,,,,,,,,,,,,,,,,,
simple,country,Benin,Porto-Novo,9056010,112620.0,,,,,,,,,,,,,,,,,,,,
simple,country,Saint Barthélemy,Gustavia,8450,21.0,,,,,,,,,,,,,,,,,,,,
simple,country,Bermuda,Hamilton,65365,53.0,,,,,,,,,,,,,,,,,,,,
simple,country,Brunei,Bandar Seri Begawan,395027,5770.0,,,,,,,,,,,,,,,,,,,,
simple,country,Bolivia,Sucre,9947418,1098580.0,,,,,,,,,,,,,,,,,,,,
simple,country,Bonaire,Kralendijk,18012,328.0,,,,,,,,,,,,,,,,,,,,
simple,country,Brazil,Brasília,201103330,8511965.0,,,,,,,,,,,,,,,,,,,,
simple,country,Bahamas,Nassau,301790,13940.0,,,,,,,,,,,,,,,,,,,,
simple,country,Bhutan,Thimphu,699847,47000.0,,,,,,,,,,,,,,,,,,,,
simple,country,Bouvet Island,None,0,49.0,,,,,,,,,,,,,,,,,,,,
simple,country,Botswana,Gaborone,2029307,600370.0,,,,,,,,,,,,,,,,,,,,
simple,country,Belarus,Minsk,9685000,207600.0,,,,,,,,,,,,,,,,,,,,
simple,country,Belize,Belmopan,314522,22966.0,,,,,,,,,,,,,,,,,,,,
simple,country,Canada,Ottawa,33679000,9984670.0,,,,,,,,,,,,,,,,,,,,
simple,country,Cocos [Keeling] Islands,West Island,628,14.0,,,,,,,,,,,,,,,,,,,,
simple,country,Democratic Republic of the Congo,Kinshasa,70916439,2345410.0,,,,,,,,,,,,,,,,,,,,
simple,country,Central African Republic,Bangui,4844927,622984.0,,,,,,,,,,,,,,,,,,,,
simple,country,Republic of the Congo,Brazzaville,3039126,342000.0,,,,,,,,,,,,,,,,,,,,
simple,country,Switzerland,Bern,7581000,41290.0,,,,,,,,,,,,,,,,,,,,
simple,country,Ivory Coast,Yamoussoukro,21058798,322460.0,,,,,,,,,,,,,,,,,,,,
simple,country,Cook Islands,Avarua,21388,240.0,,,,,,,,,,,,,,,,,,,,
simple,country,Chile,Santiago,16746491,756950.0,,,,,,,,,,,,,,,,,,,,
simple,country,Cameroon,Yaoundé,19294149,475440.0,,,,,,,,,,,,,,,,,,,,
simple,country,China,Beijing,1330044000,9596960.0,,,,,,,,,,,,,,,,,,,,
simple,country,Colombia,Bogotá,47790000,1138910.0,,,,,,,,,,,,,,,,,,,,
simple,country,Costa Rica,San José,4516220,51100.0,,,,,,,,,,,,,,,,,,,,
simple,country,Cuba,Havana,11423000,110860.0,,,,,,,,,,,,,,,,,,,,
simple,country,Cape Verde,Praia,508659,4033.0,,,,,,,,,,,,,,,,,,,,
simple,country,Curacao,Willemstad,141766,444.0,,,,,,,,,,,,,,,,,,,,
simple,country,Christmas Island,Flying Fish Cove,1500,135.0,,,,,,,,,,,,,,,,,,,,
simple,country,Cyprus,Nicosia,1102677,9250.0,,,,,,,,,,,,,,,,,,,,
simple,country,Czech Republic,Prague,10476000,78866.0,,,,,,,,,,,,,,,,,,,,
simple,country,Germany,Berlin,81802257,357021.0,,,,,,,,,,,,,,,,,,,,
simple,country,Djibouti,Djibouti,740528,23000.0,,,,,,,,,,,,,,,,,,,,
simple,country,Denmark,Copenhagen,5484000,43094.0,,,,,,,,,,,,,,,,,,,,
simple,country,Dominica,Roseau,72813,754.0,,,,,,,,,,,,,,,,,,,,
simple,country,Dominican Republic,Santo Domingo,9823821,48730.0,,,,,,,,,,,,,,,,,,,,
simple,country,Algeria,Algiers,34586184,2381740.0,,,,,,,,,,,,,,,,,,,,
simple,country,Ecuador,Quito,14790608,283560.0,,,,,,,,,,,,,,,,,,,,
simple,country,Estonia,Tallinn,1291170,45226.0,,,,,,,,,,,,,,,,,,,,
simple,country,Egypt,Cairo,80471869,1001450.0,,,,,,,,,,,,,,,,,,,,
simple,country,Western Sahara,Laâyoune / El Aaiún,273008,266000.0,,,,,,,,,,,,,,,,,,,,
simple,country,Eritrea,Asmara,5792984,121320.0,,,,,,,,,,,,,,,,,,,,
simple,country,Spain,Madrid,46505963,504782.0,,,,,,,,,,,,,,,,,,,,
simple,country,Ethiopia,Addis Ababa,88013491,1127127.0,,,,,,,,,,,,,,,,,,,,
simple,country,Finland,Helsinki,5244000,337030.0,,,,,,,,,,,,,,,,,,,,
simple,country,Fiji,Suva,875983,18270.0,,,,,,,,,,,,,,,,,,,,
simple,country,Falkland Islands,Stanley,2638,12173.0,,,,,,,,,,,,,,,,,,,,
simple,country,Micronesia,Palikir,107708,702.0,,,,,,,,,,,,,,,,,,,,
simple,country,Faroe Islands,Tórshavn,48228,1399.0,,,,,,,,,,,,,,,,,,,,
simple,country,France,Paris,64768389,547030.0,,,,,,,,,,,,,,,,,,,,
simple,country,Gabon,Libreville,1545255,267667.0,,,,,,,,,,,,,,,,,,,,
simple,country,United Kingdom,London,62348447,244820.0,,,,,,,,,,,,,,,,,,,,
simple,country,Grenada,St. George's,107818,344.0,,,,,,,,,,,,,,,,,,,,
simple,country,Georgia,Tbilisi,4630000,69700.0,,,,,,,,,,,,,,,,,,,,
simple,country,French Guiana,Cayenne,195506,91000.0,,,,,,,,,,,,,,,,,,,,
simple,country,Guernsey,St Peter Port,65228,78.0,,,,,,,,,,,,,,,,,,,,
simple,country,Ghana,Accra,24339838,239460.0,,,,,,,,,,,,,,,,,,,,
simple,country,Gibraltar,Gibraltar,27884,6.5,,,,,,,,,,,,,,,,,,,,
simple,country,Greenland,Nuuk,56375,2166086.0,,,,,,,,,,,,,,,,,,,,
simple,country,Gambia,Bathurst,1593256,11300.0,,,,,,,,,,,,,,,,,,,,
simple,country,Guinea,Conakry,10324025,245857.0,,,,,,,,,,,,,,,,,,,,
simple,country,Guadeloupe,Basse-Terre,443000,1780.0,,,,,,,,,,,,,,,,,,,,
simple,country,Equatorial Guinea,Malabo,1014999,28051.0,,,,,,,,,,,,,,,,,,,,
simple,country,Greece,Athens,11000000,131940.0,,,,,,,,,,,,,,,,,,,,
simple,country,South Georgia and the South Sandwich Islands,Grytviken,30,3903.0,,,,,,,,,,,,,,,,,,,,
simple,country,Guatemala,Guatemala City,13550440,108890.0,,,,,,,,,,,,,,,,,,,,
simple,country,Guam,Hagåtña,159358,549.0,,,,,,,,,,,,,,,,,,,,
simple,country,Guinea-Bissau,Bissau,1565126,36120.0,,,,,,,,,,,,,,,,,,,,
simple,country,Guyana,Georgetown,748486,214970.0,,,,,,,,,,,,,,,,,,,,
simple,country,Hong Kong,Hong Kong,6898686,1092.0,,,,,,,,,,,,,,,,,,,,
simple,country,Heard Island and McDonald Islands,None,0,412.0,,,,,,,,,,,,,,,,,,,,
simple,country,Honduras,Tegucigalpa,7989415,112090.0,,,,,,,,,,,,,,,,,,,,
simple,country,Croatia,Zagreb,4491000,56542.0,,,,,,,,,,,,,,,,,,,,
simple,country,Haiti,Port-au-Prince,9648924,27750.0,,,,,,,,,,,,,,,,,,,,
simple,country,Hungary,Budapest,9982000,93030.0,,,,,,,,,,,,,,,,,,,,
simple,country,Indonesia,Jakarta,242968342,1919440.0,,,,,,,,,,,,,,,,,,,,
simple,country,Ireland,Dublin,4622917,70280.0,,,,,,,,,,,,,,,,,,,,
simple,country,Israel,None,7353985,20770.0,,,,,,,,,,,,,,,,,,,,
simple,country,Isle of Man,Douglas,75049,572.0,,,,,,,,,,,,,,,,,,,,
simple,country,India,New Delhi,1173108018,3287590.0,,,,,,,,,,,,,,,,,,,,
simple,country,British Indian Ocean Territory,None,4000,60.0,,,,,,,,,,,,,,,,,,,,
simple,country,Iraq,Baghdad,29671605,437072.0,,,,,,,,,,,,,,,,,,,,
simple,country,Iran,Tehran,76923300,1648000.0,,,,,,,,,,,,,,,,,,,,
simple,country,Iceland,Reykjavik,308910,103000.0,,,,,,,,,,,,,,,,,,,,
simple,country,Italy,Rome,60340328,301230.0,,,,,,,,,,,,,,,,,,,,
simple,country,Jersey,Saint Helier,90812,116.0,,,,,,,,,,,,,,,,,,,,
simple,country,Jamaica,Kingston,2847232,10991.0,,,,,,,,,,,,,,,,,,,,
simple,country,Jordan,Amman,6407085,92300.0,,,,,,,,,,,,,,,,,,,,
simple,country,Japan,Tokyo,127288000,377835.0,,,,,,,,,,,,,,,,,,,,
simple,country,Kenya,Nairobi,40046566,582650.0,,,,,,,,,,,,,,,,,,,,
simple,country,Kyrgyzstan,Bishkek,5776500,198500.0,,,,,,,,,,,,,,,,,,,,
simple,country,Cambodia,Phnom Penh,14453680,181040.0,,,,,,,,,,,,,,,,,,,,
simple,country,Kiribati,Tarawa,92533,811.0,,,,,,,,,,,,,,,,,,,,
simple,country,Comoros,Moroni,773407,2170.0,,,,,,,,,,,,,,,,,,,,
simple,country,Saint Kitts and Nevis,Basseterre,51134,261.0,,,,,,,,,,,,,,,,,,,,
simple,country,North Korea,Pyongyang,22912177,120540.0,,,,,,,,,,,,,,,,,,,,
simple,country,South Korea,Seoul,48422644,98480.0,,,,,,,,,,,,,,,,,,,,
simple,country,Kuwait,Kuwait City,2789132,17820.0,,,,,,,,,,,,,,,,,,,,
simple,country,Cayman Islands,George Town,44270,262.0,,,,,,,,,,,,,,,,,,,,
simple,country,Kazakhstan,Astana,15340000,2717300.0,,,,,,,,,,,,,,,,,,,,
simple,country,Laos,Vientiane,6368162,236800.0,,,,,,,,,,,,,,,,,,,,
simple,country,Lebanon,Beirut,4125247,10400.0,,,,,,,,,,,,,,,,,,,,
simple,country,Saint Lucia,Castries,160922,616.0,,,,,,,,,,,,,,,,,,,,
simple,country,Liechtenstein,Vaduz,35000,160.0,,,,,,,,,,,,,,,,,,,,
simple,country,Sri Lanka,Colombo,21513990,65610.0,,,,,,,,,,,,,,,,,,,,
simple,country,Liberia,Monrovia,3685076,111370.0,,,,,,,,,,,,,,,,,,,,
simple,country,Lesotho,Maseru,1919552,30355.0,,,,,,,,,,,,,,,,,,,,
simple,country,Lithuania,Vilnius,2944459,65200.0,,,,,,,,,,,,,,,,,,,,
simple,country,Luxembourg,Luxembourg,497538,2586.0,,,,,,,,,,,,,,,,,,,,
simple,country,Latvia,Riga,2217969,64589.0,,,,,,,,,,,,,,,,,,,,
simple,country,Libya,Tripoli,6461454,1759540.0,,,,,,,,,,,,,,,,,,,,
simple,country,Morocco,Rabat,31627428,446550.0,,,,,,,,,,,,,,,,,,,,
simple,country,Monaco,Monaco,32965,1.95,,,,,,,,,,,,,,,,,,,,
simple,country,Moldova,Chişinău,4324000,33843.0,,,,,,,,,,,,,,,,,,,,
simple,country,Montenegro,Podgorica,666730,14026.0,,,,,,,,,,,,,,,,,,,,
simple,country,Saint Martin,Marigot,35925,53.0,,,,,,,,,,,,,,,,,,,,
simple,country,Madagascar,Antananarivo,21281844,587040.0,,,,,,,,,,,,,,,,,,,,
simple,country,Marshall Islands,Majuro,65859,181.3,,,,,,,,,,,,,,,,,,,,
simple,country,Macedonia,Skopje,2062294,25333.0,,,,,,,,,,,,,,,,,,,,
simple,country,Mali,Bamako,13796354,1240000.0,,,,,,,,,,,,,,,,,,,,
simple,country,Myanmar [Burma],Naypyitaw,53414374,678500.0,,,,,,,,,,,,,,,,,,,,
simple,country,Mongolia,Ulan Bator,3086918,1565000.0,,,,,,,,,,,,,,,,,,,,
simple,country,Macao,Macao,449198,254.0,,,,,,,,,,,,,,,,,,,,
simple,country,Northern Mariana Islands,Saipan,53883,477.0,,,,,,,,,,,,,,,,,,,,
simple,country,Martinique,Fort-de-France,432900,1100.0,,,,,,,,,,,,,,,,,,,,
simple,country,Mauritania,Nouakchott,3205060,1030700.0,,,,,,,,,,,,,,,,,,,,
simple,country,Montserrat,Plymouth,9341,102.0,,,,,,,,,,,,,,,,,,,,
simple,country,Malta,Valletta,403000,316.0,,,,,,,,,,,,,,,,,,,,
simple,country,Mauritius,Port Louis,1294104,2040.0,,,,,,,,,,,,,,,,,,,,
simple,country,Maldives,Malé,395650,300.0,,,,,,,,,,,,,,,,,,,,
simple,country,Malawi,Lilongwe,15447500,118480.0,,,,,,,,,,,,,,,,,,,,
simple,country,Mexico,Mexico City,112468855,1972550.0,,,,,,,,,,,,,,,,,,,,
simple,country,Malaysia,Kuala Lumpur,28274729,329750.0,,,,,,,,,,,,,,,,,,,,
simple,country,Mozambique,Maputo,22061451,801590.0,,,,,,,,,,,,,,,,,,,,
simple,country,Namibia,Windhoek,2128471,825418.0,,,,,,,,,,,,,,,,,,,,
simple,country,New Caledonia,Noumea,216494,19060.0,,,,,,,,,,,,,,,,,,,,
simple,country,Niger,Niamey,15878271,1267000.0,,,,,,,,,,,,,,,,,,,,
simple,country,Norfolk Island,Kingston,1828,34.6,,,,,,,,,,,,,,,,,,,,
simple,country,Nigeria,Abuja,154000000,923768.0,,,,,,,,,,,,,,,,,,,,
simple,country,Nicaragua,Managua,5995928,129494.0,,,,,,,,,,,,,,,,,,,,
simple,country,Netherlands,Amsterdam,16645000,41526.0,,,,,,,,,,,,,,,,,,,,
simple,country,Norway,Oslo,5009150,324220.0,,,,,,,,,,,,,,,,,,,,
simple,country,Nepal,Kathmandu,28951852,140800.0,,,,,,,,,,,,,,,,,,,,
simple,country,Nauru,Yaren,10065,21.0,,,,,,,,,,,,,,,,,,,,
simple,country,Niue,Alofi,2166,260.0,,,,,,,,,,,,,,,,,,,,
simple,country,New Zealand,Wellington,4252277,268680.0,,,,,,,,,,,,,,,,,,,,
simple,country,Oman,Muscat,2967717,212460.0,,,,,,,,,,,,,,,,,,,,
simple,country,Panama,Panama City,3410676,78200.0,,,,,,,,,,,,,,,,,,,,
simple,country,Peru,Lima,29907003,1285220.0,,,,,,,,,,,,,,,,,,,,
simple,country,French Polynesia,Papeete,270485,4167.0,,,,,,,,,,,,,,,,,,,,
simple,country,Papua New Guinea,Port Moresby,6064515,462840.0,,,,,,,,,,,,,,,,,,,,
simple,country,Philippines,Manila,99900177,300000.0,,,,,,,,,,,,,,,,,,,,
simple,country,Pakistan,Islamabad,184404791,803940.0,,,,,,,,,,,,,,,,,,,,
simple,country,Poland,Warsaw,38500000,312685.0,,,,,,,,,,,,,,,,,,,,
simple,country,Saint Pierre and Miquelon,Saint-Pierre,7012,242.0,,,,,,,,,,,,,,,,,,,,
simple,country,Pitcairn Islands,Adamstown,46,47.0,,,,,,,,,,,,,,,,,,,,
simple,country,Puerto Rico,San Juan,3916632,9104.0,,,,,,,,,,,,,,,,,,,,
simple,country,Palestine,None,3800000,5970.0,,,,,,,,,,,,,,,,,,,,
simple,country,Portugal,Lisbon,10676000,92391.0,,,,,,,,,,,,,,,,,,,,
simple,country,Palau,Melekeok,19907,458.0,,,,,,,,,,,,,,,,,,,,
simple,country,Paraguay,Asunción,6375830,406750.0,,,,,,,,,,,,,,,,,,,,
simple,country,Qatar,Doha,840926,11437.0,,,,,,,,,,,,,,,,,,,,
simple,country,Réunion,Saint-Denis,776948,2517.0,,,,,,,,,,,,,,,,,,,,
simple,country,Romania,Bucharest,21959278,237500.0,,,,,,,,,,,,,,,,,,,,
simple,country,Serbia,Belgrade,7344847,88361.0,,,,,,,,,,,,,,,,,,,,
simple,country,Russia,Moscow,140702000,1.71E7,,,,,,,,,,,,,,,,,,,,
simple,country,Rwanda,Kigali,11055976,26338.0,,,,,,,,,,,,,,,,,,,,
simple,country,Saudi Arabia,Riyadh,25731776,1960582.0,,,,,,,,,,,,,,,,,,,,
simple,country,Solomon Islands,Honiara,559198,28450.0,,,,,,,,,,,,,,,,,,,,
simple,country,Seychelles,Victoria,88340,455.0,,,,,,,,,,,,,,,,,,,,
simple,country,Sudan,Khartoum,35000000,1861484.0,,,,,,,,,,,,,,,,,,,,
simple,country,Sweden,Stockholm,9828655,449964.0,,,,,,,,,,,,,,,,,,,,
simple,country,Singapore,Singapore,4701069,692.7,,,,,,,,,,,,,,,,,,,,
simple,country,Saint Helena,Jamestown,7460,410.0,,,,,,,,,,,,,,,,,,,,
simple,country,Slovenia,Ljubljana,2007000,20273.0,,,,,,,,,,,,,,,,,,,,
simple,country,Svalbard and Jan Mayen,Longyearbyen,2550,62049.0,,,,,,,,,,,,,,,,,,,,
simple,country,Slovakia,Bratislava,5455000,48845.0,,,,,,,,,,,,,,,,,,,,
simple,country,Sierra Leone,Freetown,5245695,71740.0,,,,,,,,,,,,,,,,,,,,
simple,country,San Marino,San Marino,31477,61.2,,,,,,,,,,,,,,,,,,,,
simple,country,Senegal,Dakar,12323252,196190.0,,,,,,,,,,,,,,,,,,,,
simple,country,Somalia,Mogadishu,10112453,637657.0,,,,,,,,,,,,,,,,,,,,
simple,country,Suriname,Paramaribo,492829,163270.0,,,,,,,,,,,,,,,,,,,,
simple,country,South Sudan,Juba,8260490,644329.0,,,,,,,,,,,,,,,,,,,,
simple,country,São Tomé and Príncipe,São Tomé,175808,1001.0,,,,,,,,,,,,,,,,,,,,
simple,country,El Salvador,San Salvador,6052064,21040.0,,,,,,,,,,,,,,,,,,,,
simple,country,Sint Maarten,Philipsburg,37429,21.0,,,,,,,,,,,,,,,,,,,,
simple,country,Syria,Damascus,22198110,185180.0,,,,,,,,,,,,,,,,,,,,
simple,country,Swaziland,Mbabane,1354051,17363.0,,,,,,,,,,,,,,,,,,,,
simple,country,Turks and Caicos Islands,Cockburn Town,20556,430.0,,,,,,,,,,,,,,,,,,,,
simple,country,Chad,N'Djamena,10543464,1284000.0,,,,,,,,,,,,,,,,,,,,
simple,country,French Southern Territories,Port-aux-Français,140,7829.0,,,,,,,,,,,,,,,,,,,,
simple,country,Togo,Lomé,6587239,56785.0,,,,,,,,,,,,,,,,,,,,
simple,country,Thailand,Bangkok,67089500,514000.0,,,,,,,,,,,,,,,,,,,,
simple,country,Tajikistan,Dushanbe,7487489,143100.0,,,,,,,,,,,,,,,,,,,,
simple,country,Tokelau,None,1466,10.0,,,,,,,,,,,,,,,,,,,,
simple,country,East Timor,Dili,1154625,15007.0,,,,,,,,,,,,,,,,,,,,
simple,country,Turkmenistan,Ashgabat,4940916,488100.0,,,,,,,,,,,,,,,,,,,,
simple,country,Tunisia,Tunis,10589025,163610.0,,,,,,,,,,,,,,,,,,,,
simple,country,Tonga,Nuku'alofa,122580,748.0,,,,,,,,,,,,,,,,,,,,
simple,country,Turkey,Ankara,77804122,780580.0,,,,,,,,,,,,,,,,,,,,
simple,country,Trinidad and Tobago,Port of Spain,1228691,5128.0,,,,,,,,,,,,,,,,,,,,
simple,country,Tuvalu,Funafuti,10472,26.0,,,,,,,,,,,,,,,,,,,,
simple,country,Taiwan,Taipei,22894384,35980.0,,,,,,,,,,,,,,,,,,,,
simple,country,Tanzania,Dodoma,41892895,945087.0,,,,,,,,,,,,,,,,,,,,
simple,country,Ukraine,Kiev,45415596,603700.0,,,,,,,,,,,,,,,,,,,,
simple,country,Uganda,Kampala,33398682,236040.0,,,,,,,,,,,,,,,,,,,,
simple,country,U.S. Minor Outlying Islands,None,0,0.0,,,,,,,,,,,,,,,,,,,,
simple,country,United States,Washington,310232863,9629091.0,,,,,,,,,,,,,,,,,,,,
simple,country,Uruguay,Montevideo,3477000,176220.0,,,,,,,,,,,,,,,,,,,,
simple,country,Uzbekistan,Tashkent,27865738,447400.0,,,,,,,,,,,,,,,,,,,,
simple,country,Vatican City,Vatican City,921,0.44,,,,,,,,,,,,,,,,,,,,
simple,country,Saint Vincent and the Grenadines,Kingstown,104217,389.0,,,,,,,,,,,,,,,,,,,,
simple,country,Venezuela,Caracas,27223228,912050.0,,,,,,,,,,,,,,,,,,,,
simple,country,British Virgin Islands,Road Town,21730,153.0,,,,,,,,,,,,,,,,,,,,
simple,country,U.S. Virgin Islands,Charlotte Amalie,108708,352.0,,,,,,,,,,,,,,,,,,,,
simple,country,Vietnam,Hanoi,89571130,329560.0,,,,,,,,,,,,,,,,,,,,
simple,country,Vanuatu,Port Vila,221552,12200.0,,,,,,,,,,,,,,,,,,,,
simple,country,Wallis and Futuna,Mata-Utu,16025,274.0,,,,,,,,,,,,,,,,,,,,
simple,country,Samoa,Apia,192001,2944.0,,,,,,,,,,,,,,,,,,,,
simple,country,Kosovo,Pristina,1800000,10908.0,,,,,,,,,,,,,,,,,,,,
simple,country,Yemen,Sanaa,23495361,527970.0,,,,,,,,,,,,,,,,,,,,
simple,country,Mayotte,Mamoudzou,159042,374.0,,,,,,,,,,,,,,,,,,,,
simple,country,South Africa,Pretoria,49000000,1219912.0,,,,,,,,,,,,,,,,,,,,
simple,country,Zambia,Lusaka,13460305,752614.0,,,,,,,,,,,,,,,,,,,,
simple,country,Zimbabwe,Harare,11651858,390580.0,,,,,,,,,,,,,,,,,,,,
forms,hockey_team,,,,,Boston Bruins,1990,44,24,,0.55,299,264,35,,,,,,,,,,,
forms,hockey_team,,,,,Buffalo Sabres,1990,31,30,,0.388,292,278,14,,,,,,,,,,,
forms,hockey_team,,,,,Calgary Flames,1990,46,26,,0.575,344,263,81,,,,,,,,,,,
forms,hockey_team,,,,,Chicago Blackhawks,1990,49,23,,0.613,284,211,73,,,,,,,,,,,
forms,hockey_team,,,,,Detroit Red Wings,1990,34,38,,0.425,273,298,-25,,,,,,,,,,,
forms,hockey_team,,,,,Edmonton Oilers,1990,37,37,,0.463,272,272,0,,,,,,,,,,,
forms,hockey_team,,,,,Hartford Whalers,1990,31,38,,0.388,238,276,-38,,,,,,,,,,,
forms,hockey_team,,,,,Los Angeles Kings,1990,46,24,,0.575,340,254,86,,,,,,,,,,,
forms,hockey_team,,,,,Minnesota North Stars,1990,27,39,,0.338,256,266,-10,,,,,,,,,,,
forms,hockey_team,,,,,Montreal Canadiens,1990,39,30,,0.487,273,249,24,,,,,,,,,,,
forms,hockey_team,,,,,New Jersey Devils,1990,32,33,,0.4,272,264,8,,,,,,,,,,,
forms,hockey_team,,,,,New York Islanders,1990,25,45,,0.312,223,290,-67,,,,,,,,,,,
forms,hockey_team,,,,,New York Rangers,1990,36,31,,0.45,297,265,32,,,,,,,,,,,
forms,hockey_team,,,,,Philadelphia Flyers,1990,33,37,,0.412,252,267,-15,,,,,,,,,,,
forms,hockey_team,,,,,Pittsburgh Penguins,1990,41,33,,0.512,342,305,37,,,,,,,,,,,
forms,hockey_team,,,,,Quebec Nordiques,1990,16,50,,0.2,236,354,-118,,,,,,,,,,,
forms,hockey_team,,,,,St. Louis Blues,1990,47,22,,0.588,310,250,60,,,,,,,,,,,
forms,hockey_team,,,,,Toronto Maple Leafs,1990,23,46,,0.287,241,318,-77,,,,,,,,,,,
forms,hockey_team,,,,,Vancouver Canucks,1990,28,43,,0.35,243,315,-72,,,,,,,,,,,
forms,hockey_team,,,,,Washington Capitals,1990,37,36,,0.463,258,258,0,,,,,,,,,,,
forms,hockey_team,,,,,Winnipeg Jets,1990,26,43,,0.325,260,288,-28,,,,,,,,,,,
forms,hockey_team,,,,,Boston Bruins,1991,36,32,,0.45,270,275,-5,,,,,,,,,,,
forms,hockey_team,,,,,Buffalo Sabres,1991,31,37,,0.388,289,299,-10,,,,,,,,,,,
forms,hockey_team,,,,,Calgary Flames,1991,31,37,,0.388,296,305,-9,,,,,,,,,,,
forms,hockey_team,,,,,Chicago Blackhawks,1991,36,29,,0.45,257,236,21,,,,,,,,,,,
forms,hockey_team,,,,,Detroit Red Wings,1991,43,25,,0.537,320,256,64,,,,,,,,,,,
forms,hockey_team,,,,,Edmonton Oilers,1991,36,34,,0.45,295,297,-2,,,,,,,,,,,
forms,hockey_team,,,,,Hartford Whalers,1991,26,41,,0.325,247,283,-36,,,,,,,,,,,
forms,hockey_team,,,,,Los Angeles Kings,1991,35,31,,0.438,287,296,-9,,,,,,,,,,,
forms,hockey_team,,,,,Minnesota North Stars,1991,32,42,,0.4,246,278,-32,,,,,,,,,,,
forms,hockey_team,,,,,Montreal Canadiens,1991,41,28,,0.512,267,207,60,,,,,,,,,,,
forms,hockey_team,,,,,New Jersey Devils,1991,38,31,,0.475,289,259,30,,,,,,,,,,,
forms,hockey_team,,,,,New York Islanders,1991,34,35,,0.425,291,299,-8,,,,,,,,,,,
forms,hockey_team,,,,,New York Rangers,1991,50,25,,0.625,321,246,75,,,,,,,,,,,
forms,hockey_team,,,,,Philadelphia Flyers,1991,32,37,,0.4,252,273,-21,,,,,,,,,,,
forms,hockey_team,,,,,Pittsburgh Penguins,1991,39,32,,0.487,343,308,35,,,,,,,,,,,
forms,hockey_team,,,,,Quebec Nordiques,1991,20,48,,0.25,255,318,-63,,,,,,,,,,,
forms,hockey_team,,,,,San Jose Sharks,1991,17,58,,0.212,219,359,-140,,,,,,,,,,,
forms,hockey_team,,,,,St. Louis Blues,1991,36,33,,0.45,279,266,13,,,,,,,,,,,
forms,hockey_team,,,,,Toronto Maple Leafs,1991,30,43,,0.375,234,294,-60,,,,,,,,,,,
forms,hockey_team,,,,,Vancouver Canucks,1991,42,26,,0.525,285,250,35,,,,,,,,,,,
forms,hockey_team,,,,,Washington Capitals,1991,45,27,,0.562,330,275,55,,,,,,,,,,,
forms,hockey_team,,,,,Winnipeg Jets,1991,33,32,,0.412,251,244,7,,,,,,,,,,,
forms,hockey_team,,,,,Boston Bruins,1992,51,26,,0.607,332,268,64,,,,,,,,,,,
forms,hockey_team,,,,,Buffalo Sabres,1992,38,36,,0.452,335,297,38,,,,,,,,,,,
forms,hockey_team,,,,,Calgary Flames,1992,43,30,,0.512,322,282,40,,,,,,,,,,,
forms,hockey_team,,,,,Chicago Blackhawks,1992,47,25,,0.56,279,230,49,,,,,,,,,,,
forms,hockey_team,,,,,Detroit Red Wings,1992,47,28,,0.56,369,280,89,,,,,,,,,,,
forms,hockey_team,,,,,Edmonton Oilers,1992,26,50,,0.31,242,337,-95,,,,,,,,,,,
forms,hockey_team,,,,,Hartford Whalers,1992,26,52,,0.31,284,369,-85,,,,,,,,,,,
forms,hockey_team,,,,,Los Angeles Kings,1992,39,35,,0.464,338,340,-2,,,,,,,,,,,
forms,hockey_team,,,,,Minnesota North Stars,1992,36,38,,0.429,272,293,-21,,,,,,,,,,,
forms,hockey_team,,,,,Montreal Canadiens,1992,48,30,,0.571,326,280,46,,,,,,,,,,,
forms,hockey_team,,,,,New Jersey Devils,1992,40,37,,0.476,308,299,9,,,,,,,,,,,
forms,hockey_team,,,,,New York Islanders,1992,40,37,,0.476,335,297,38,,,,,,,,,,,
forms,hockey_team,,,,,New York Rangers,1992,34,39,,0.405,304,308,-4,,,,,,,,,,,
forms,hockey_team,,,,,Ottawa Senators,1992,10,70,,0.119,202,395,-193,,,,,,,,,,,
forms,hockey_team,,,,,Philadelphia Flyers,1992,36,37,,0.429,319,319,0,,,,,,,,,,,
forms,hockey_team,,,,,Pittsburgh Penguins,1992,56,21,,0.667,367,268,99,,,,,,,,,,,
forms,hockey_team,,,,,Quebec Nordiques,1992,47,27,,0.56,351,300,51,,,,,,,,,,,
forms,hockey_team,,,,,San Jose Sharks,1992,11,71,,0.131,218,414,-196,,,,,,,,,,,
forms,hockey_team,,,,,St. Louis Blues,1992,37,36,,0.44,282,278,4,,,,,,,,,,,
forms,hockey_team,,,,,Tampa Bay Lightning,1992,23,54,,0.274,245,332,-87,,,,,,,,,,,
forms,hockey_team,,,,,Toronto Maple Leafs,1992,44,29,,0.524,288,241,47,,,,,,,,,,,
forms,hockey_team,,,,,Vancouver Canucks,1992,46,29,,0.548,346,278,68,,,,,,,,,,,
forms,hockey_team,,,,,Washington Capitals,1992,43,34,,0.512,325,286,39,,,,,,,,,,,
forms,hockey_team,,,,,Winnipeg Jets,1992,40,37,,0.476,322,320,2,,,,,,,,,,,
forms,hockey_team,,,,,Mighty Ducks of Anaheim,1993,33,46,,0.393,229,251,-22,,,,,,,,,,,
forms,hockey_team,,,,,Boston Bruins,1993,42,29,,0.5,289,252,37,,,,,,,,,,,
forms,hockey_team,,,,,Buffalo Sabres,1993,43,32,,0.512,282,218,64,,,,,,,,,,,
forms,hockey_team,,,,,Calgary Flames,1993,42,29,,0.5,302,256,46,,,,,,,,,,,
forms,hockey_team,,,,,Chicago Blackhawks,1993,39,36,,0.464,254,240,14,,,,,,,,,,,
forms,hockey_team,,,,,Dallas Stars,1993,42,29,,0.5,286,265,21,,,,,,,,,,,
forms,hockey_team,,,,,Detroit Red Wings,1993,46,30,,0.548,356,275,81,,,,,,,,,,,
forms,hockey_team,,,,,Edmonton Oilers,1993,25,45,,0.298,261,305,-44,,,,,,,,,,,
forms,hockey_team,,,,,Florida Panthers,1993,33,34,,0.393,233,233,0,,,,,,,,,,,
forms,hockey_team,,,,,Hartford Whalers,1993,27,48,,0.321,227,288,-61,,,,,,,,,,,
forms,hockey_team,,,,,Los Angeles Kings,1993,27,45,,0.321,294,322,-28,,,,,,,,,,,
forms,hockey_team,,,,,Montreal Canadiens,1993,41,29,,0.488,283,248,35,,,,,,,,,,,
forms,hockey_team,,,,,New Jersey Devils,1993,47,25,,0.56,306,220,86,,,,,,,,,,,
forms,hockey_team,,,,,New York Islanders,1993,36,36,,0.429,282,264,18,,,,,,,,,,,
forms,hockey_team,,,,,New York Rangers,1993,52,24,,0.619,299,231,68,,,,,,,,,,,
forms,hockey_team,,,,,Ottawa Senators,1993,14,61,,0.167,201,397,-196,,,,,,,,,,,
forms,hockey_team,,,,,Philadelphia Flyers,1993,35,39,,0.417,294,314,-20,,,,,,,,,,,
forms,hockey_team,,,,,Pittsburgh Penguins,1993,44,27,,0.524,299,285,14,,,,,,,,,,,
forms,hockey_team,,,,,Quebec Nordiques,1993,34,42,,0.405,277,292,-15,,,,,,,,,,,
forms,hockey_team,,,,,San Jose Sharks,1993,33,35,,0.393,252,265,-13,,,,,,,,,,,
forms,hockey_team,,,,,St. Louis Blues,1993,40,33,,0.476,270,283,-13,,,,,,,,,,,
forms,hockey_team,,,,,Tampa Bay Lightning,1993,30,43,,0.357,224,251,-27,,,,,,,,,,,
forms,hockey_team,,,,,Toronto Maple Leafs,1993,43,29,,0.512,280,243,37,,,,,,,,,,,
forms,hockey_team,,,,,Vancouver Canucks,1993,41,40,,0.488,279,276,3,,,,,,,,,,,
forms,hockey_team,,,,,Washington Capitals,1993,39,35,,0.464,277,263,14,,,,,,,,,,,
forms,hockey_team,,,,,Winnipeg Jets,1993,24,51,,0.286,245,344,-99,,,,,,,,,,,
forms,hockey_team,,,,,Mighty Ducks of Anaheim,1994,16,27,,0.333,125,164,-39,,,,,,,,,,,
forms,hockey_team,,,,,Boston Bruins,1994,27,18,,0.562,150,127,23,,,,,,,,,,,
forms,hockey_team,,,,,Buffalo Sabres,1994,22,19,,0.458,130,119,11,,,,,,,,,,,
forms,hockey_team,,,,,Calgary Flames,1994,24,17,,0.5,163,135,28,,,,,,,,,,,
forms,hockey_team,,,,,Chicago Blackhawks,1994,24,19,,0.5,156,115,41,,,,,,,,,,,
forms,hockey_team,,,,,Dallas Stars,1994,17,23,,0.354,136,135,1,,,,,,,,,,,
forms,hockey_team,,,,,Detroit Red Wings,1994,33,11,,0.688,180,117,63,,,,,,,,,,,
ajax-javascript,oscar_film,,,,,,2015,,,,,,,,Spotlight,6,2,true,,,,,,,
ajax-javascript,oscar_film,,,,,,2015,,,,,,,,Mad Max: Fury Road,10,6,false,,,,,,,
ajax-javascript,oscar_film,,,,,,2015,,,,,,,,The Revenant,12,3,false,,,,,,,
ajax-javascript,oscar_film,,,,,,2015,,,,,,,,Bridge of Spies,6,1,false,,,,,,,
ajax-javascript,oscar_film,,,,,,2015,,,,,,,,The Big Short,5,1,false,,,,,,,
ajax-javascript,oscar_film,,,,,,2015,,,,,,,,The Danish Girl,4,1,false,,,,,,,
ajax-javascript,oscar_film,,,,,,2015,,,,,,,,Room,4,1,false,,,,,,,
ajax-javascript,oscar_film,,,,,,2015,,,,,,,,Ex Machina,2,1,false,,,,,,,
ajax-javascript,oscar_film,,,,,,2015,,,,,,,,The Hateful Eight,2,1,false,,,,,,,
ajax-javascript,oscar_film,,,,,,2015,,,,,,,,Inside Out,2,1,false,,,,,,,
ajax-javascript,oscar_film,,,,,,2015,,,,,,,,Amy,1,1,false,,,,,,,
ajax-javascript,oscar_film,,,,,,2015,,,,,,,,Bear Story,1,1,false,,,,,,,
ajax-javascript,oscar_film,,,,,,2015,,,,,,,,A Girl in the River: The Price of Forgiveness,1,1,false,,,,,,,
ajax-javascript,oscar_film,,,,,,2015,,,,,,,,Son of Saul,1,1,false,,,,,,,
ajax-javascript,oscar_film,,,,,,2015,,,,,,,,Spectre,1,1,false,,,,,,,
ajax-javascript,oscar_film,,,,,,2015,,,,,,,,Stutterer,1,1,false,,,,,,,
ajax-javascript,oscar_film,,,,,,2014,,,,,,,,Birdman,9,4,true,,,,,,,
ajax-javascript,oscar_film,,,,,,2014,,,,,,,,The Grand Budapest Hotel,9,4,false,,,,,,,
ajax-javascript,oscar_film,,,,,,2014,,,,,,,,Whiplash,5,3,false,,,,,,,
ajax-javascript,oscar_film,,,,,,2014,,,,,,,,The Imitation Game,8,1,false,,,,,,,
ajax-javascript,oscar_film,,,,,,2014,,,,,,,,American Sniper,6,1,false,,,,,,,
ajax-javascript,oscar_film,,,,,,2014,,,,,,,,Boyhood,6,1,false,,,,,,,
ajax-javascript,oscar_film,,,,,,2014,,,,,,,,Interstellar,5,1,false,,,,,,,
ajax-javascript,oscar_film,,,,,,2014,,,,,,,,The Theory of Everything,5,1,false,,,,,,,
ajax-javascript,oscar_film,,,,,,2014,,,,,,,,Ida,2,1,false,,,,,,,
ajax-javascript,oscar_film,,,,,,2014,,,,,,,,Selma,2,1,false,,,,,,,
ajax-javascript,oscar_film,,,,,,2014,,,,,,,,Citizenfour,1,1,false,,,,,,,
ajax-javascript,oscar_film,,,,,,2014,,,,,,,,Big Hero 6,1,1,false,,,,,,,
ajax-javascript,oscar_film,,,,,,2014,,,,,,,,Crisis Hotline: Veterans Press 1,1,1,false,,,,,,,
ajax-javascript,oscar_film,,,,,,2014,,,,,,,,The Phone Call,1,1,false,,,,,,,
ajax-javascript,oscar_film,,,,,,2014,,,,,,,,Still Alice,1,1,false,,,,,,,
ajax-javascript,oscar_film,,,,,,2014,,,,,,,,Feast,1,1,false,,,,,,,
ajax-javascript,oscar_film,,,,,,2013,,,,,,,,12 Years a Slave,9,3,true,,,,,,,
ajax-javascript,oscar_film,,,,,,2013,,,,,,,,Gravity,10,7,false,,,,,,,
ajax-javascript,oscar_film,,,,,,2013,,,,,,,,Dallas Buyers Club,6,3,false,,,,,,,
ajax-javascript,oscar_film,,,,,,2013,,,,,,,,Frozen,2,2,false,,,,,,,
ajax-javascript,oscar_film,,,,,,2013,,,,,,,,The Great Gatsby,2,2,false,,,,,,,
ajax-javascript,oscar_film,,,,,,2013,,,,,,,,Her,5,1,false,,,,,,,
ajax-javascript,oscar_film,,,,,,2013,,,,,,,,Blue Jasmine,3,1,false,,,,,,,
ajax-javascript,oscar_film,,,,,,2013,,,,,,,,Mr Hublot,1,1,false,,,,,,,
ajax-javascript,oscar_film,,,,,,2013,,,,,,,,The Lady in Number 6: Music Saved My Life,1,1,false,,,,,,,
ajax-javascript,oscar_film,,,,,,2013,,,,,,,,Helium,1,1,false,,,,,,,
ajax-javascript,oscar_film,,,,,,2013,,,,,,,,The Great Beauty,1,1,false,,,,,,,
ajax-javascript,oscar_film,,,,,,2013,,,,,,,,20 Feet from Stardom,1,1,false,,,,,,,
ajax-javascript,oscar_film,,,,,,2012,,,,,,,,Argo,7,3,true,,,,,,,
ajax-javascript,oscar_film,,,,,,2012,,,,,,,,Life of Pi,11,4,false,,,,,,,
ajax-javascript,oscar_film,,,,,,2012,,,,,,,,Les Misérables,8,3,false,,,,,,,
ajax-javascript,oscar_film,,,,,,2012,,,,,,,,Lincoln,12,2,false,,,,,,,
ajax-javascript,oscar_film,,,,,,2012,,,,,,,,Django Unchained,5,2,false,,,,,,,
ajax-javascript,oscar_film,,,,,,2012,,,,,,,,Skyfall,5,2,false,,,,,,,
ajax-javascript,oscar_film,,,,,,2012,,,,,,,,Silver Linings Playbook,8,1,false,,,,,,,
ajax-javascript,oscar_film,,,,,,2012,,,,,,,,Zero Dark Thirty,5,1,false,,,,,,,
ajax-javascript,oscar_film,,,,,,2012,,,,,,,,Amour,5,1,false,,,,,,,
ajax-javascript,oscar_film,,,,,,2012,,,,,,,,Anna Karenina,4,1,false,,,,,,,
ajax-javascript,oscar_film,,,,,,2012,,,,,,,,Paperman,1,1,false,,,,,,,
ajax-javascript,oscar_film,,,,,,2012,,,,,,,,Brave,1,1,false,,,,,,,
ajax-javascript,oscar_film,,,,,,2012,,,,,,,,Searching for Sugar Man,1,1,false,,,,,,,
ajax-javascript,oscar_film,,,,,,2012,,,,,,,,Inocente,1,1,false,,,,,,,
ajax-javascript,oscar_film,,,,,,2012,,,,,,,,Curfew,1,1,false,,,,,,,
ajax-javascript,oscar_film,,,,,,2011,,,,,,,,The Artist,10,5,true,,,,,,,
ajax-javascript,oscar_film,,,,,,2011,,,,,,,,Hugo,11,5,false,,,,,,,
ajax-javascript,oscar_film,,,,,,2011,,,,,,,,The Iron Lady,2,2,false,,,,,,,
ajax-javascript,oscar_film,,,,,,2011,,,,,,,,The Descendants,5,1,false,,,,,,,
ajax-javascript,oscar_film,,,,,,2011,,,,,,,,The Girl with the Dragon Tattoo,5,1,false,,,,,,,
ajax-javascript,oscar_film,,,,,,2011,,,,,,,,Midnight in Paris,4,1,false,,,,,,,
ajax-javascript,oscar_film,,,,,,2011,,,,,,,,The Help,4,1,false,,,,,,,
ajax-javascript,oscar_film,,,,,,2011,,,,,,,,A Separation,2,1,false,,,,,,,
ajax-javascript,oscar_film,,,,,,2011,,,,,,,,The Fantastic Flying Books of Mr. Morris Lessmore,1,1,false,,,,,,,
ajax-javascript,oscar_film,,,,,,2011,,,,,,,,The Shore,1,1,false,,,,,,,
ajax-javascript,oscar_film,,,,,,2011,,,,,,,,Undefeated,1,1,false,,,,,,,
ajax-javascript,oscar_film,,,,,,2011,,,,,,,,The Muppets,1,1,false,,,,,,,
ajax-javascript,oscar_film,,,,,,2011,,,,,,,,Saving Face,1,1,false,,,,,,,
ajax-javascript,oscar_film,,,,,,2011,,,,,,,,Beginners,1,1,false,,,,,,,
ajax-javascript,oscar_film,,,,,,2011,,,,,,,,Rango,1,1,false,,,,,,,
ajax-javascript,oscar_film,,,,,,2010,,,,,,,,The King's Speech,12,4,true,,,,,,,
ajax-javascript,oscar_film,,,,,,2010,,,,,,,,Inception,8,4,false,,,,,,,
ajax-javascript,oscar_film,,,,,,2010,,,,,,,,The Social Network,8,3,false,,,,,,,
ajax-javascript,oscar_film,,,,,,2010,,,,,,,,The Fighter,7,2,false,,,,,,,
ajax-javascript,oscar_film,,,,,,2010,,,,,,,,Toy Story 3,5,2,false,,,,,,,
ajax-javascript,oscar_film,,,,,,2010,,,,,,,,Alice in Wonderland,3,2,false,,,,,,,
ajax-javascript,oscar_film,,,,,,2010,,,,,,,,Black Swan,5,1,false,,,,,,,
ajax-javascript,oscar_film,,,,,,2010,,,,,,,,In a Better World,1,1,false,,,,,,,
ajax-javascript,oscar_film,,,,,,2010,,,,,,,,The Lost Thing,1,1,false,,,,,,,
ajax-javascript,oscar_film,,,,,,2010,,,,,,,,God of Love,1,1,false,,,,,,,
ajax-javascript,oscar_film,,,,,,2010,,,,,,,,The Wolfman,1,1,false,,,,,,,
ajax-javascript,oscar_film,,,,,,2010,,,,,,,,Strangers No More,1,1,false,,,,,,,
ajax-javascript,oscar_film,,,,,,2010,,,,,,,,Inside Job,1,1,false,,,,,,,
frames,turtle_family,,,,,,,,,,,,,,,,,,Carettochelyidae,Pig-nosed turtle,1887,https://upload.wikimedia.org/wikipedia/commons/thumb/b/b3/Carettochelys_insculpta.jpg/200px-Carettochelys_insculpta.jpg,,,
frames,turtle_family,,,,,,,,,,,,,,,,,,Cheloniidae,Sea turtles,1811,https://upload.wikimedia.org/wikipedia/commons/thumb/7/71/GreenSeaTurtle-2.jpg/200px-GreenSeaTurtle-2.jpg,,,
frames,turtle_family,,,,,,,,,,,,,,,,,,Chelydridae,Snapping turtles,1831,https://upload.wikimedia.org/wikipedia/commons/thumb/8/88/Alligator_snapping_turtle.jpg/200px-Alligator_snapping_turtle.jpg,,,
frames,turtle_family,,,,,,,,,,,,,,,,,,Dermatemydidae,Central American river turtle,1870,https://upload.wikimedia.org/wikipedia/commons/thumb/8/8a/Dermatemydidae.JPG/200px-Dermatemydidae.JPG,,,
frames,turtle_family,,,,,,,,,,,,,,,,,,Dermochelyidae,Leatherback sea turtle,1843,https://upload.wikimedia.org/wikipedia/commons/thumb/9/9b/LeatherbackTurtle.jpg/200px-LeatherbackTurtle.jpg,,,
frames,turtle_family,,,,,,,,,,,,,,,,,,Emydidae,Pond or water turtles,1815,https://upload.wikimedia.org/wikipedia/commons/thumb/4/45/Tortoise1_cepolina.jpg/200px-Tortoise1_cepolina.jpg,,,
frames,turtle_family,,,,,,,,,,,,,,,,,,Geoemydidae,"Asian river, leaf, roofed or Asian box turtles",1868,https://upload.wikimedia.org/wikipedia/commons/thumb/f/f3/Cuora_amboinensis_kamaroma_j.jpg/200px-Cuora_amboinensis_kamaroma_j.jpg,,,
frames,turtle_family,,,,,,,,,,,,,,,,,,Kinosternidae,Mud or musk turtles,1857,https://upload.wikimedia.org/wikipedia/commons/thumb/5/5e/Sternotherus_odoratus.jpg/200px-Sternotherus_odoratus.jpg,,,
frames,turtle_family,,,,,,,,,,,,,,,,,,Platysternidae,Big-headed turtle,1869,https://upload.wikimedia.org/wikipedia/commons/thumb/7/79/Zolw_wielkoglowy.jpg/200px-Zolw_wielkoglowy.jpg,,,
frames,turtle_family,,,,,,,,,,,,,,,,,,Testudinidae,Tortoises,1788,https://upload.wikimedia.org/wikipedia/commons/thumb/4/41/Tortoise.aldabra.750pix.jpg/200px-Tortoise.aldabra.750pix.jpg,,,
frames,turtle_family,,,,,,,,,,,,,,,,,,Trionychidae,Softshell turtles,1826,https://upload.wikimedia.org/wikipedia/commons/thumb/3/39/Apalone_spinifera.jpg/200px-Apalone_spinifera.jpg,,,
frames,turtle_family,,,,,,,,,,,,,,,,,,Chelidae,Austro-American sideneck turtles,1831,https://upload.wikimedia.org/wikipedia/commons/thumb/e/ec/Eastern_long_neck_tortoise_-_chelodina_longicollis.jpg/200px-Eastern_long_neck_tortoise_-_chelodina_longicollis.jpg,,,
frames,turtle_family,,,,,,,,,,,,,,,,,,Pelomedusidae,Afro-American sideneck turtles,1868,https://upload.wikimedia.org/wikipedia/commons/thumb/8/86/Pelomedusa_subrufa.JPG/200px-Pelomedusa_subrufa.JPG,,,
frames,turtle_family,,,,,,,,,,,,,,,,,,Podocnemididae,"Madagascar big-headed, Big-headed Amazon River turtle and South American sideneck river turtles",1869,https://upload.wikimedia.org/wikipedia/commons/thumb/5/5b/Erymnochelys_madagascariensis.jpg/200px-Erymnochelys_madagascariensis.jpg,,,
